label,referenceUrl,url
Home page,https://rtmedia.io/,https://rtmedia-dev.rtm.rt.gw/
Plugin page,https://rtmedia.io/products/category/plugins/,https://rtmedia-dev.rtm.rt.gw/products/category/plugins/
Theme page,https://rtmedia.io/themes/,https://rtmedia-dev.rtm.rt.gw/themes/
Transcoder page,https://rtmedia.io/transcoder/,https://rtmedia-dev.rtm.rt.gw/transcoder/
rtamazon page,https://rtmedia.io/rtamazon-s3/,https://rtmedia-dev.rtm.rt.gw/rtamazon-s3/
Support page,https://rtmedia.io/support/,https://rtmedia-dev.rtm.rt.gw/support/
Enterprise page,https://rtmedia.io/enterprise-plan/,https://rtmedia-dev.rtm.rt.gw/enterprise-plan/
rtMedia SEO addon page,https://rtmedia.io/products/rtmedia-seo/,https://rtmedia-dev.rtm.rt.gw/products/rtmedia-seo/
rtMedia SEO documentation page,https://rtmedia.io/docs/addons/rtmedia-seo/,https://rtmedia-dev.rtm.rt.gw/docs/addons/rtmedia-seo/
Kane Mcconnell,https://rtmedia.io/docs/addons/rtmedia-seo/features/,https://rtmedia-dev.rtm.rt.gw/docs/addons/rtmedia-seo/features/
Alia Stephens,https://rtmedia.io/docs/addons/rtmedia-seo/developers/,https://rtmedia-dev.rtm.rt.gw/docs/addons/rtmedia-seo/developers/
Alannah Rios,https://rtmedia.io/products/rtmedia-wordpress-sitewide-gallery/,https://rtmedia-dev.rtm.rt.gw/products/rtmedia-wordpress-sitewide-gallery/
Darren Bishop,https://rtmedia.io/docs/addons/wordpress-sidewide-gallery/,https://rtmedia-dev.rtm.rt.gw/docs/addons/wordpress-sidewide-gallery/
Shyanne Duarte,https://rtmedia.io/docs/features/gallery/premium-addon-parameters/#contextdashboard-rtmedia-wordpress-sitewide-galler,https://rtmedia-dev.rtm.rt.gw/docs/features/gallery/premium-addon-parameters/#contextdashboard-rtmedia-wordpress-sitewide-galler
Franklin Ewing,https://rtmedia.io/docs/addons/wordpress-sidewide-gallery/developers-documentation/,https://rtmedia-dev.rtm.rt.gw/docs/addons/wordpress-sidewide-gallery/developers-documentation/
Isaias Fisher,https://rtmedia.io/products/rtmedia-docs-files/,https://rtmedia-dev.rtm.rt.gw/products/rtmedia-docs-files/
Kenley Soto,https://rtmedia.io/docs/addons/docs-and-other-files/,https://rtmedia-dev.rtm.rt.gw/docs/addons/docs-and-other-files/
Jasper Harding,https://rtmedia.io/docs/addons/docs-and-other-files/features,https://rtmedia-dev.rtm.rt.gw/docs/addons/docs-and-other-files/features
Triston Mckinney,https://rtmedia.io/docs/addons/docs-and-other-files/developers,https://rtmedia-dev.rtm.rt.gw/docs/addons/docs-and-other-files/developers
Blake Zuniga,https://rtmedia.io/products/rtmedia-custom-attributes/,https://rtmedia-dev.rtm.rt.gw/products/rtmedia-custom-attributes/
Brice Lester,https://rtmedia.io/docs/addons/custom-attributes/,https://rtmedia-dev.rtm.rt.gw/docs/addons/custom-attributes/
Journey Gross,https://rtmedia.io/docs/addons/custom-attributes/features,https://rtmedia-dev.rtm.rt.gw/docs/addons/custom-attributes/features
Jaime Robles,https://rtmedia.io/docs/addons/custom-attributes/developers,https://rtmedia-dev.rtm.rt.gw/docs/addons/custom-attributes/developers
Cristal Lang,https://rtmedia.io/docs/addons/custom-attributes/custom-javascript-codes/,https://rtmedia-dev.rtm.rt.gw/docs/addons/custom-attributes/custom-javascript-codes/
Sadie Leon,https://rtmedia.io/products/rtmedia-moderation/,https://rtmedia-dev.rtm.rt.gw/products/rtmedia-moderation/
Bria Stone,https://rtmedia.io/docs/addons/rtmedia-moderation/,https://rtmedia-dev.rtm.rt.gw/docs/addons/rtmedia-moderation/
Madalynn Mcconnell,https://rtmedia.io/docs/addons/rtmedia-moderation/settings/,https://rtmedia-dev.rtm.rt.gw/docs/addons/rtmedia-moderation/settings/
Roman Hart,https://rtmedia.io/docs/addons/rtmedia-moderation/developers-documentation/,https://rtmedia-dev.rtm.rt.gw/docs/addons/rtmedia-moderation/developers-documentation/
Brayden Garcia,https://rtmedia.io/products/rtmedia-favorites/,https://rtmedia-dev.rtm.rt.gw/products/rtmedia-favorites/
Cailyn Hines,https://rtmedia.io/docs/addons/favorites/,https://rtmedia-dev.rtm.rt.gw/docs/addons/favorites/
Kyan Monroe,https://rtmedia.io/docs/addons/favorites/features,https://rtmedia-dev.rtm.rt.gw/docs/addons/favorites/features
Kyla Nichols,https://rtmedia.io/docs/addons/favorites/developers,https://rtmedia-dev.rtm.rt.gw/docs/addons/favorites/developers
Raul Ramos,https://rtmedia.io/products/rtmedia-bbpress-attachments/,https://rtmedia-dev.rtm.rt.gw/products/rtmedia-bbpress-attachments/
Rylee Mercer,https://rtmedia.io/docs/addons/bbpress-attachments/,https://rtmedia-dev.rtm.rt.gw/docs/addons/bbpress-attachments/
Marcel Rosario,https://rtmedia.io/docs/addons/bbpress-attachments/features,https://rtmedia-dev.rtm.rt.gw/docs/addons/bbpress-attachments/features
Emerson White,https://rtmedia.io/docs/addons/bbpress-attachments/developers,https://rtmedia-dev.rtm.rt.gw/docs/addons/bbpress-attachments/developers
Aylin Osborne,https://rtmedia.io/products/rtmedia-direct-download-link/,https://rtmedia-dev.rtm.rt.gw/products/rtmedia-direct-download-link/
Jamie Bird,https://rtmedia.io/docs/addons/direct-download-link/,https://rtmedia-dev.rtm.rt.gw/docs/addons/direct-download-link/
Tamara Estrada,https://rtmedia.io/docs/addons/direct-download-link/features,https://rtmedia-dev.rtm.rt.gw/docs/addons/direct-download-link/features
America Padilla,https://rtmedia.io/docs/addons/direct-download-link/developers,https://rtmedia-dev.rtm.rt.gw/docs/addons/direct-download-link/developers
Rhys Flores,https://rtmedia.io/products/rtmedia-playlists/,https://rtmedia-dev.rtm.rt.gw/products/rtmedia-playlists/
Elyse Kelly,https://rtmedia.io/docs/addons/playlists/,https://rtmedia-dev.rtm.rt.gw/docs/addons/playlists/
Bryce Vega,https://rtmedia.io/docs/addons/playlists/features,https://rtmedia-dev.rtm.rt.gw/docs/addons/playlists/features
Bo Frederick,https://rtmedia.io/docs/addons/playlists/developers,https://rtmedia-dev.rtm.rt.gw/docs/addons/playlists/developers
Urijah Camacho,https://rtmedia.io/products/rtmedia-mycred/,https://rtmedia-dev.rtm.rt.gw/products/rtmedia-mycred/
Dominick Ross,https://rtmedia.io/docs/addons/mycred/,https://rtmedia-dev.rtm.rt.gw/docs/addons/mycred/
Milagros Hood,https://rtmedia.io/docs/addons/mycred/#points-log,https://rtmedia-dev.rtm.rt.gw/docs/addons/mycred/#points-log
Cyrus Peterson,https://rtmedia.io/products/rtmedia-bulk-edit/,https://rtmedia-dev.rtm.rt.gw/products/rtmedia-bulk-edit/
Makenna Lucas,https://rtmedia.io/docs/addons/bulk-edit/,https://rtmedia-dev.rtm.rt.gw/docs/addons/bulk-edit/
Joaquin Kaufman,https://rtmedia.io/docs/addons/bulk-edit/features,https://rtmedia-dev.rtm.rt.gw/docs/addons/bulk-edit/features
Mohammed Brennan,https://rtmedia.io/docs/addons/bulk-edit/developers,https://rtmedia-dev.rtm.rt.gw/docs/addons/bulk-edit/developers
Brody Fitzpatrick,https://rtmedia.io/products/rtmedia-buddypress-profile-picture/,https://rtmedia-dev.rtm.rt.gw/products/rtmedia-buddypress-profile-picture/
Ali Wilcox,https://rtmedia.io/docs/addons/set-image-profile-picture/,https://rtmedia-dev.rtm.rt.gw/docs/addons/set-image-profile-picture/
Marisa Zamora,https://rtmedia.io/docs/addons/set-image-profile-picture/features,https://rtmedia-dev.rtm.rt.gw/docs/addons/set-image-profile-picture/features
Cecilia Moody,https://rtmedia.io/docs/addons/set-image-profile-picture/developers,https://rtmedia-dev.rtm.rt.gw/docs/addons/set-image-profile-picture/developers
Scarlet Jacobson,https://rtmedia.io/products/rtmedia-album-cover-art/,https://rtmedia-dev.rtm.rt.gw/products/rtmedia-album-cover-art/
Baylee Watts,https://rtmedia.io/docs/addons/album-cover-art/,https://rtmedia-dev.rtm.rt.gw/docs/addons/album-cover-art/
Christina Gallegos,https://rtmedia.io/docs/addons/album-cover-art/features,https://rtmedia-dev.rtm.rt.gw/docs/addons/album-cover-art/features
Milton Booth,https://rtmedia.io/docs/addons/album-cover-art/developers,https://rtmedia-dev.rtm.rt.gw/docs/addons/album-cover-art/developers
Blaze Pruitt,https://rtmedia.io/products/rtmedia-upload-by-url/,https://rtmedia-dev.rtm.rt.gw/products/rtmedia-upload-by-url/
Ricardo Mack,https://rtmedia.io/products/rtmedia-likes/,https://rtmedia-dev.rtm.rt.gw/products/rtmedia-likes/
Carina Black,https://rtmedia.io/docs/addons/likes/,https://rtmedia-dev.rtm.rt.gw/docs/addons/likes/
Simon Clark,https://rtmedia.io/docs/addons/likes/features/,https://rtmedia-dev.rtm.rt.gw/docs/addons/likes/features/
Briana Becker,https://rtmedia.io/docs/addons/likes/developers,https://rtmedia-dev.rtm.rt.gw/docs/addons/likes/developers
Johnathan Murray,https://rtmedia.io/products/rtmedia-activity-url-preview/,https://rtmedia-dev.rtm.rt.gw/products/rtmedia-activity-url-preview/
Julien West,https://rtmedia.io/docs/addons/rtmedia-activity-url-preview/,https://rtmedia-dev.rtm.rt.gw/docs/addons/rtmedia-activity-url-preview/
Jayden Moran,https://rtmedia.io/docs/addons/rtmedia-activity-url-preview/features/,https://rtmedia-dev.rtm.rt.gw/docs/addons/rtmedia-activity-url-preview/features/
Elliot Mclean,https://rtmedia.io/docs/addons/rtmedia-activity-url-preview/developers/,https://rtmedia-dev.rtm.rt.gw/docs/addons/rtmedia-activity-url-preview/developers/
Celia Mcmahon,https://rtmedia.io/products/rtmedia-view-counter/,https://rtmedia-dev.rtm.rt.gw/products/rtmedia-view-counter/
Cristina Leach,https://rtmedia.io/docs/addons/view-counter/,https://rtmedia-dev.rtm.rt.gw/docs/addons/view-counter/
Yazmin Stark,https://rtmedia.io/docs/addons/view-counter/features,https://rtmedia-dev.rtm.rt.gw/docs/addons/view-counter/features
Janessa Galvan,https://rtmedia.io/docs/addons/view-counter/developers,https://rtmedia-dev.rtm.rt.gw/docs/addons/view-counter/developers
Macy Berger,https://rtmedia.io/products/rtmedia-shortcode-generator/,https://rtmedia-dev.rtm.rt.gw/products/rtmedia-shortcode-generator/
Cody Jimenez,https://rtmedia.io/docs/addons/shortcode-generator/,https://rtmedia-dev.rtm.rt.gw/docs/addons/shortcode-generator/
Peter Burns,https://rtmedia.io/docs/addons/shortcode-generator/rtmedia-gallery-block/,https://rtmedia-dev.rtm.rt.gw/docs/addons/shortcode-generator/rtmedia-gallery-block/
Aryanna Richards,https://rtmedia.io/docs/addons/shortcode-generator/rtmedia-uploader-block/,https://rtmedia-dev.rtm.rt.gw/docs/addons/shortcode-generator/rtmedia-uploader-block/
Keyla Collins,https://rtmedia.io/docs/addons/shortcode-generator/post-editor-button-gallery/,https://rtmedia-dev.rtm.rt.gw/docs/addons/shortcode-generator/post-editor-button-gallery/
Alisha Garner,https://rtmedia.io/docs/addons/shortcode-generator/post-editor-button-uploader/,https://rtmedia-dev.rtm.rt.gw/docs/addons/shortcode-generator/post-editor-button-uploader/
Araceli Woodard,https://rtmedia.io/products/rtmedia-album-privacy/,https://rtmedia-dev.rtm.rt.gw/products/rtmedia-album-privacy/
Jackson Townsend,https://rtmedia.io/docs/addons/album-privacy/,https://rtmedia-dev.rtm.rt.gw/docs/addons/album-privacy/
Junior Fox,https://rtmedia.io/products/rtmedia-sorting/,https://rtmedia-dev.rtm.rt.gw/products/rtmedia-sorting/
Sawyer Beasley,https://rtmedia.io/docs/addons/sorting/,https://rtmedia-dev.rtm.rt.gw/docs/addons/sorting/
Cynthia Moyer,https://rtmedia.io/docs/addons/sorting/features,https://rtmedia-dev.rtm.rt.gw/docs/addons/sorting/features
Azul Ayers,https://rtmedia.io/docs/addons/sorting/developers,https://rtmedia-dev.rtm.rt.gw/docs/addons/sorting/developers
Lizbeth Terry,https://rtmedia.io/products/rtmedia-edit-mp3-info/,https://rtmedia-dev.rtm.rt.gw/products/rtmedia-edit-mp3-info/
Keira Fuller,https://rtmedia.io/docs/addons/edit-mp3-info/,https://rtmedia-dev.rtm.rt.gw/docs/addons/edit-mp3-info/
Owen Duffy,https://rtmedia.io/products/rtmedia-star-ratings/,https://rtmedia-dev.rtm.rt.gw/products/rtmedia-star-ratings/
Phoenix Phelps,https://rtmedia.io/docs/addons/ratings/,https://rtmedia-dev.rtm.rt.gw/docs/addons/ratings/
Roderick Floyd,https://rtmedia.io/docs/addons/ratings/features,https://rtmedia-dev.rtm.rt.gw/docs/addons/ratings/features
Alia Dorsey,https://rtmedia.io/docs/addons/ratings/developers,https://rtmedia-dev.rtm.rt.gw/docs/addons/ratings/developers
Zaire Lara,https://rtmedia.io/products/rtmedia-sidebar-widgets/,https://rtmedia-dev.rtm.rt.gw/products/rtmedia-sidebar-widgets/
Mauricio Valentine,https://rtmedia.io/docs/addons/sidebar-widgets/,https://rtmedia-dev.rtm.rt.gw/docs/addons/sidebar-widgets/
Kinsley Chambers,https://rtmedia.io/docs/addons/sidebar-widgets/features,https://rtmedia-dev.rtm.rt.gw/docs/addons/sidebar-widgets/features
Madilyn Kirk,https://rtmedia.io/docs/addons/sidebar-widgets/developers,https://rtmedia-dev.rtm.rt.gw/docs/addons/sidebar-widgets/developers
Erin Salas,https://rtmedia.io/products/rtmedia-social-sharing/,https://rtmedia-dev.rtm.rt.gw//products/rtmedia-social-sharing/
Brody Giles,https://rtmedia.io/docs/addons/social-sharing/,https://rtmedia-dev.rtm.rt.gw/docs/addons/social-sharing/
Kaitlynn Mcdaniel,https://rtmedia.io/docs/addons/set-custom-thumbnails/,https://rtmedia-dev.rtm.rt.gw/docs/addons/set-custom-thumbnails/
Naima Love,https://rtmedia.io/docs/addons/set-custom-thumbnails/developers,https://rtmedia-dev.rtm.rt.gw/docs/addons/set-custom-thumbnails/developers
Gia Bates,https://rtmedia.io/products/rtmedia-set-custom-thumbnail-for-audiovideo/,https://rtmedia-dev.rtm.rt.gw/products/rtmedia-set-custom-thumbnail-for-audiovideo/
Marie Kirk,https://rtmedia.io/docs/addons/set-custom-thumbnails/,https://rtmedia-dev.rtm.rt.gw/docs/addons/set-custom-thumbnails/
Camila Harding,https://rtmedia.io/docs/addons/set-custom-thumbnails/features,https://rtmedia-dev.rtm.rt.gw/docs/addons/set-custom-thumbnails/features
Sofia Mendoza,https://rtmedia.io/docs/addons/set-custom-thumbnails/developers,https://rtmedia-dev.rtm.rt.gw/docs/addons/set-custom-thumbnails/developers
Richard Figueroa,https://rtmedia.io/products/rtmedia-wordpress-comment-attachments/,https://rtmedia-dev.rtm.rt.gw/products/rtmedia-wordpress-comment-attachments/
Meghan Turner,https://rtmedia.io/docs/addons/wordpress-comment-attachment/,https://rtmedia-dev.rtm.rt.gw/docs/addons/wordpress-comment-attachment/
Dereon Marks,https://rtmedia.io/docs/settings/types/,https://rtmedia-dev.rtm.rt.gw/docs/settings/types/
Dalia Andrews,https://rtmedia.io/docs/addons/wordpress-comment-attachment/features/,https://rtmedia-dev.rtm.rt.gw/docs/addons/wordpress-comment-attachment/features/
Leila Townsend,https://rtmedia.io/docs/addons/wordpress-comment-attachment/developers/,https://rtmedia-dev.rtm.rt.gw/docs/addons/wordpress-comment-attachment/developers/
Hillary Hamilton,https://rtmedia.io/products/rtmedia-default-albums/,https://rtmedia-dev.rtm.rt.gw/products/rtmedia-default-albums/
Kenna Wall,https://rtmedia.io/docs/addons/default-albums/,https://rtmedia-dev.rtm.rt.gw/docs/addons/default-albums/
Chloe Odonnell,https://rtmedia.io/docs/addons/default-albums/features,https://rtmedia-dev.rtm.rt.gw/docs/addons/default-albums/features
Alisson Ho,https://rtmedia.io/docs/addons/default-albums/developers,https://rtmedia-dev.rtm.rt.gw/docs/addons/default-albums/developers
Addison Frazier,https://rtmedia.io/products/rtmedia-buddypress-group-media-control/,https://rtmedia-dev.rtm.rt.gw/products/rtmedia-buddypress-group-media-control/
Jaidyn Raymond,https://rtmedia.io/docs/addons/buddypress-group-media-control/,https://rtmedia-dev.rtm.rt.gw/docs/addons/buddypress-group-media-control/
Jerimiah May,https://rtmedia.io/products/rtmedia-restrictions/,https://rtmedia-dev.rtm.rt.gw/products/rtmedia-restrictions/
Savanna Cannon,https://rtmedia.io/docs/addons/restrictions/,https://rtmedia-dev.rtm.rt.gw/docs/addons/restrictions/
Tiffany Stanton,https://rtmedia.io/docs/addons/restrictions/features,https://rtmedia-dev.rtm.rt.gw/docs/addons/restrictions/features
Deanna Avery,https://rtmedia.io/docs/addons/restrictions/developers,https://rtmedia-dev.rtm.rt.gw/docs/addons/restrictions/developers
Patricia Riggs,https://rtmedia.io/products/rtmedia-podcast-feed/,https://rtmedia-dev.rtm.rt.gw/products/rtmedia-podcast-feed/
Oliver Solomon,https://rtmedia.io/docs/addons/podcast/,https://rtmedia-dev.rtm.rt.gw/docs/addons/podcast/
Brenden Morales,https://rtmedia.io/products/rtmedia-social-sync/,https://rtmedia-dev.rtm.rt.gw/products/rtmedia-social-sync/
Hallie Hurley,https://rtmedia.io/docs/addons/rtmedia-social-sync/,https://rtmedia-dev.rtm.rt.gw/docs/addons/rtmedia-social-sync/
Maddox Reese,https://rtmedia.io/docs/addons/rtmedia-social-sync/installation/,https://rtmedia-dev.rtm.rt.gw/docs/addons/rtmedia-social-sync/installation/
Ally Garner,https://rtmedia.io/docs/addons/rtmedia-social-sync/developers/,https://rtmedia-dev.rtm.rt.gw/docs/addons/rtmedia-social-sync/developers/
Destiney Foley,https://rtmedia.io/products/rtmedia-membership/,https://rtmedia-dev.rtm.rt.gw/products/rtmedia-membership/
Emilia Dudley,https://rtmedia.io/docs/addons/membership/,https://rtmedia-dev.rtm.rt.gw/docs/addons/membership/
Jaylene Ewing,https://rtmedia.io/docs/addons/membership/features/,https://rtmedia-dev.rtm.rt.gw/docs/addons/membership/features/
Marissa Downs,https://rtmedia.io/docs/addons/membership/developers/,https://rtmedia-dev.rtm.rt.gw/docs/addons/membership/developers/
Colt Cain,https://rtmedia.io/products/rtmedia-photo-watermark/,https://rtmedia-dev.rtm.rt.gw/products/rtmedia-photo-watermark/
Quinten Fleming,https://rtmedia.io/docs/addons/rtmedia-watermark/,https://rtmedia-dev.rtm.rt.gw/docs/addons/rtmedia-watermark/
Graham Pruitt,https://rtmedia.io/products/rtmedia-photo-tagging/,https://rtmedia-dev.rtm.rt.gw/products/rtmedia-photo-tagging/
Jennifer Chan,https://rtmedia.io/docs/addons/rtmedia-photo-tagging/,https://rtmedia-dev.rtm.rt.gw/docs/addons/rtmedia-photo-tagging/
Rudy Mueller,https://rtmedia.io/docs/addons/rtmedia-photo-tagging/features/,https://rtmedia-dev.rtm.rt.gw/docs/addons/rtmedia-photo-tagging/features/
Tristen Reid,https://rtmedia.io/docs/addons/rtmedia-photo-tagging/developers/,https://rtmedia-dev.rtm.rt.gw/docs/addons/rtmedia-photo-tagging/features/
Landen Jarvis,https://rtmedia.io/products/rtmedia-photo-filters/,https://rtmedia-dev.rtm.rt.gw/products/rtmedia-photo-filters/
Kenneth Kirby,https://rtmedia.io/docs/addons/rtmedia-photo-filters/,https://rtmedia-dev.rtm.rt.gw/docs/addons/rtmedia-photo-filters/
Kaitlynn Campos,https://rtmedia.io/products/category/themes/,https://rtmedia-dev.rtm.rt.gw/products/category/themes/
Madden Wang,https://rtmedia.io/products/foodmania/,https://rtmedia-dev.rtm.rt.gw/products/foodmania/
Tobias Beasley,https://rtmedia.io/products/foodmania/#installation,https://rtmedia-dev.rtm.rt.gw/products/foodmania/#installation
Adelaide Cabrera,https://rtmedia.io/products/foodmania/#plugins,https://rtmedia-dev.rtm.rt.gw/products/foodmania/#plugins
Joel Graves,https://rtmedia.io/products/foodmania/#gallery,https://rtmedia-dev.rtm.rt.gw/products/foodmania/#gallery
Leila Henson,https://rtmedia.io/products/foodmania/#faq,https://rtmedia-dev.rtm.rt.gw/products/foodmania/#faq
Anastasia Bailey,https://rtmedia.io/products/foodmania/#product-changelog,https://rtmedia-dev.rtm.rt.gw/products/foodmania/#product-changelog
Ezra Weeks,https://rtmedia.io/docs/foodmania/,https://rtmedia-dev.rtm.rt.gw/docs/foodmania/
Victor Miranda,https://rtmedia.io/docs/foodmania/change-cover-photo/,https://rtmedia-dev.rtm.rt.gw/docs/foodmania/change-cover-photo/
Craig Bryan,https://rtmedia.io/docs/foodmania/customize-child-theme-style-css/,https://rtmedia-dev.rtm.rt.gw/docs/foodmania/customize-child-theme-style-css/
Ariella Cochran,https://rtmedia.io/docs/foodmania/home-page-slider/,https://rtmedia-dev.rtm.rt.gw/docs/foodmania/home-page-slider/
Evan Yates,https://rtmedia.io/docs/foodmania/hooks-filters/,https://rtmedia-dev.rtm.rt.gw/docs/foodmania/hooks-filters/
Francesca Mills,https://rtmedia.io/docs/foodmania/installing-activating-foodmania-theme/,https://rtmedia-dev.rtm.rt.gw/docs/foodmania/installing-activating-foodmania-theme/
Chaz Banks,https://rtmedia.io/docs/foodmania/page-and-post-header/,https://rtmedia-dev.rtm.rt.gw/docs/foodmania/page-and-post-header/
Avah Lucas,https://rtmedia.io/docs/foodmania/setting-blog-page/,https://rtmedia-dev.rtm.rt.gw/docs/foodmania/setting-blog-page/
Skyler Larson,https://rtmedia.io/docs/foodmania/setting-home-page/,https://rtmedia-dev.rtm.rt.gw/docs/foodmania/setting-home-page/
Ryleigh Huffman,https://rtmedia.io/docs/foodmania/setup-widgets/,https://rtmedia-dev.rtm.rt.gw/docs/foodmania/setup-widgets/
Xander Mills,https://rtmedia.io/docs/foodmania/theme-translation/,https://rtmedia-dev.rtm.rt.gw/docs/foodmania/theme-translation/
Kylee Grant,https://rtmedia.io/docs/foodmania/using-shortcode-for-icons/,https://rtmedia-dev.rtm.rt.gw/docs/foodmania/using-shortcode-for-icons/
Alexus Morales,https://rtmedia.io/products/rtdating/,https://rtmedia-dev.rtm.rt.gw/products/rtdating/
Kobe Hatfield,https://rtmedia.io/products/rtdating/#plugins,https://rtmedia-dev.rtm.rt.gw/products/rtdating/#plugins
Malik Huber,https://rtmedia.io/products/rtdating/#gallery,https://rtmedia-dev.rtm.rt.gw/products/rtdating/#gallery
America Hudson,https://rtmedia.io/products/rtdating/#faq,https://rtmedia-dev.rtm.rt.gw/products/rtdating/#faq
Sophie Fritz,https://rtmedia.io/products/rtdating/#product-changelog,https://rtmedia-dev.rtm.rt.gw/products/rtdating/#product-changelog
Kenya Rosales,https://rtmedia.io/docs/rtdating/,https://rtmedia-dev.rtm.rt.gw/docs/rtdating/
Kaiden Soto,https://rtmedia.io/docs/rtdating/rtdating-features/,https://rtmedia-dev.rtm.rt.gw/docs/rtdating/rtdating-features/
Yamilet Good,https://rtmedia.io/docs/rtdating/installing-activating-rtdating-theme/,https://rtmedia-dev.rtm.rt.gw/docs/rtdating/installing-activating-rtdating-theme/
Eliezer Sullivan,https://rtmedia.io/docs/rtdating/theme-settings/,https://rtmedia-dev.rtm.rt.gw/docs/rtdating/theme-settings/
Devin Brennan,https://rtmedia.io/docs/rtdating/setup-home-page/,https://rtmedia-dev.rtm.rt.gw/docs/rtdating/setup-home-page/
Haiden Calhoun,https://rtmedia.io/docs/rtdating/setup-home-page/member-search-form/,https://rtmedia-dev.rtm.rt.gw/docs/rtdating/setup-home-page/member-search-form/
Emelia Brennan,https://rtmedia.io/docs/rtdating/change-cover-photo/,https://rtmedia-dev.rtm.rt.gw/docs/rtdating/change-cover-photo/
Callum Lane,https://rtmedia.io/docs/rtdating/change-profile-photo/,https://rtmedia-dev.rtm.rt.gw/docs/rtdating/change-profile-photo/
Kendal Rubio,https://rtmedia.io/docs/rtdating/inner-page-support/,https://rtmedia-dev.rtm.rt.gw/docs/rtdating/inner-page-support/
Kolby Schroeder,https://rtmedia.io/docs/rtdating/setup-widgets/,https://rtmedia-dev.rtm.rt.gw/docs/rtdating/setup-widgets/
Bradyn Peters,https://rtmedia.io/docs/rtdating/set-image-sizes/,https://rtmedia-dev.rtm.rt.gw/docs/rtdating/set-image-sizes/
Valentino Allen,https://rtmedia.io/docs/rtdating/setup-icons/,https://rtmedia-dev.rtm.rt.gw/docs/rtdating/setup-icons/
Alonzo Daugherty,https://rtmedia.io/docs/rtdating/theme-translation/,https://rtmedia-dev.rtm.rt.gw/docs/rtdating/theme-translation/
Kenley Acevedo,https://rtmedia.io/docs/rtdating/setup-rtdating-development/,https://rtmedia-dev.rtm.rt.gw/docs/rtdating/setup-rtdating-development/
Kassidy Stevenson,https://rtmedia.io/docs/rtdating/using-fontello-icons-rtdating/,https://rtmedia-dev.rtm.rt.gw/docs/rtdating/using-fontello-icons-rtdating/
Adan Schroeder,https://rtmedia.io/docs/rtdating/customize-child-theme-style-css/,https://rtmedia-dev.rtm.rt.gw/docs/rtdating/customize-child-theme-style-css/
Armani Cruz,https://rtmedia.io/docs/rtdating/hooks-filters/,https://rtmedia-dev.rtm.rt.gw/docs/rtdating/hooks-filters/
Darien Moses,https://rtmedia.io/docs/rtdating/troubleshooting/,https://rtmedia-dev.rtm.rt.gw/docs/rtdating/troubleshooting/
Makayla Boyle,https://rtmedia.io/products/inspirebook/,https://rtmedia-dev.rtm.rt.gw/products/inspirebook/
Kellen Banks,https://rtmedia.io/products/inspirebook/#faq,https://rtmedia-dev.rtm.rt.gw/products/inspirebook/#faq
Jazmin Fritz,https://rtmedia.io/products/inspirebook/#installation,https://rtmedia-dev.rtm.rt.gw/products/inspirebook/#installation
Ismael Phelps,https://rtmedia.io/products/inspirebook/#plugins,https://rtmedia-dev.rtm.rt.gw/products/inspirebook/#plugins
Hadassah Gibson,https://rtmedia.io/products/inspirebook/#product-changelog,https://rtmedia-dev.rtm.rt.gw/products/inspirebook/#product-changelog
Christina Blair,https://rtmedia.io/products/inspirebook/#license-tab,https://rtmedia-dev.rtm.rt.gw/products/inspirebook/#license-tab
Josephine Weeks,https://rtmedia.io/docs/inspirebook/inspirebook-theme-guidelines/,https://rtmedia-dev.rtm.rt.gw/docs/inspirebook/inspirebook-theme-guidelines/
Regan Thompson,https://rtmedia.io/docs/inspirebook/premium-theme-features/,https://rtmedia-dev.rtm.rt.gw/docs/inspirebook/premium-theme-features/
Bo Ochoa,https://rtmedia.io/docs/inspirebook/install-activate/,https://rtmedia-dev.rtm.rt.gw/docs/inspirebook/install-activate/
Bryson Montgomery,https://rtmedia.io/docs/inspirebook/inspirebook-theme-layout/,https://rtmedia-dev.rtm.rt.gw/docs/inspirebook/inspirebook-theme-layout/
Alexis Love,https://rtmedia.io/docs/inspirebook/theme-settings/,https://rtmedia-dev.rtm.rt.gw/docs/inspirebook/theme-settings/
Larissa Strong,https://rtmedia.io/docs/inspirebook/setting-up-home-page-template/,https://rtmedia-dev.rtm.rt.gw/docs/inspirebook/setting-up-home-page-template/
Larissa Alvarez,https://rtmedia.io/docs/inspirebook/creating-slider-on-home-page/,https://rtmedia-dev.rtm.rt.gw/docs/inspirebook/creating-slider-on-home-page/
Jorden Salas,https://rtmedia.io/docs/inspirebook/setup-sidebar-widgets/,https://rtmedia-dev.rtm.rt.gw/docs/inspirebook/setup-sidebar-widgets/
Heidy Holmes,https://rtmedia.io/docs/inspirebook/change-profile-photo/,https://rtmedia-dev.rtm.rt.gw/docs/inspirebook/change-profile-photo/
Jadon Burnett,https://rtmedia.io/docs/inspirebook/change-cover-photo/,https://rtmedia-dev.rtm.rt.gw/docs/inspirebook/change-cover-photo/
Theodore Pacheco,https://rtmedia.io/docs/inspirebook/setup-icons/,https://rtmedia-dev.rtm.rt.gw/docs/inspirebook/setup-icons/
Jaycee Joseph,https://rtmedia.io/docs/inspirebook/keep-collapse-menu-onoff/,https://rtmedia-dev.rtm.rt.gw/docs/inspirebook/keep-collapse-menu-onoff/
Quinn Lang,https://rtmedia.io/docs/inspirebook/theme-translation/,https://rtmedia-dev.rtm.rt.gw/docs/inspirebook/theme-translation/
Malik Barron,https://rtmedia.io/docs/inspirebook/contact-form/,https://rtmedia-dev.rtm.rt.gw/docs/inspirebook/contact-form/
Allen Villanueva,https://rtmedia.io/docs/inspirebook/change-activity-title/,https://rtmedia-dev.rtm.rt.gw/docs/inspirebook/change-activity-title/
Adriana Burns,https://rtmedia.io/docs/inspirebook/change-black-sidebar-color/,https://rtmedia-dev.rtm.rt.gw/docs/inspirebook/change-black-sidebar-color/
America Buchanan,https://rtmedia.io/docs/inspirebook/change-login-form-in-popup/,https://rtmedia-dev.rtm.rt.gw/docs/inspirebook/change-login-form-in-popup/
Holden Mcintyre,https://rtmedia.io/docs/inspirebook/change-registration-form/,https://rtmedia-dev.rtm.rt.gw/docs/inspirebook/change-registration-form/
Anabella Byrd,https://rtmedia.io/docs/inspirebook/customize-child-theme-style-css/,https://rtmedia-dev.rtm.rt.gw/docs/inspirebook/customize-child-theme-style-css/
Breanna Shea,https://rtmedia.io/docs/inspirebook/customizing/,https://rtmedia-dev.rtm.rt.gw/docs/inspirebook/customizing/
Daniel Stokes,https://rtmedia.io/docs/inspirebook/inner-page-support/,https://rtmedia-dev.rtm.rt.gw/docs/inspirebook/inner-page-support/
Reese Kelley,https://rtmedia.io/docs/inspirebook/add-move-top-arrow/,https://rtmedia-dev.rtm.rt.gw/docs/inspirebook/add-move-top-arrow/
Jagger Lam,https://rtmedia.io/docs/inspirebook/how-to-add-custom-icons-in-inspirebook/,https://rtmedia-dev.rtm.rt.gw/docs/inspirebook/how-to-add-custom-icons-in-inspirebook/
Steven Pitts,https://rtmedia.io/docs/inspirebook/add-submenu-user-header/,https://rtmedia-dev.rtm.rt.gw/docs/inspirebook/add-submenu-user-header/
Kenley Villanueva,https://rtmedia.io/docs/inspirebook/make-media-display-wide-like-facebook-mobile-devices/,https://rtmedia-dev.rtm.rt.gw/docs/inspirebook/make-media-display-wide-like-facebook-mobile-devices/
Princess Duncan,https://rtmedia.io/docs/inspirebook/hooks-filters/,https://rtmedia-dev.rtm.rt.gw/docs/inspirebook/hooks-filters/
Maximus Mack,https://rtmedia.io/docs/inspirebook/troubleshooting-cover-image-known-issue/,https://rtmedia-dev.rtm.rt.gw/docs/inspirebook/troubleshooting-cover-image-known-issue/
Abbigail Curry,https://rtmedia.io/docs/inspirebook/setup-inspirebook-development/,https://rtmedia-dev.rtm.rt.gw/docs/inspirebook/setup-inspirebook-development/
Kendal Terry,https://rtmedia.io/products/category/product-bundle/,https://rtmedia-dev.rtm.rt.gw/products/category/product-bundle/
Raelynn Estrada,https://rtmedia.io/products/rtmedia-pro/?utm_source=google-optimize,https://rtmedia-dev.rtm.rt.gw/products/rtmedia-pro/?utm_source=google-optimize
Amiyah Mayer,https://rtmedia.io/products/rtmedia-pro/,https://rtmedia-dev.rtm.rt.gw/products/rtmedia-pro/
Rudy Mosley,https://rtmedia.io/docs/addons/rtmedia-pro/,https://rtmedia-dev.rtm.rt.gw/docs/addons/rtmedia-pro/
Malia Mercado,https://rtmedia.io/my-account,https://rtmedia-dev.rtm.rt.gw/my-account
Evelyn Fowler,https://rtmedia.io/refund-policy/,https://rtmedia-dev.rtm.rt.gw/refund-policy/
Jazlene Parrish,https://rtmedia.io/docs/,https://rtmedia-dev.rtm.rt.gw/docs/
Nico Mayo,https://rtmedia.io/docs/developers/,https://rtmedia-dev.rtm.rt.gw/docs/developers/
Kellen Melton,https://rtmedia.io/support-policy/,https://rtmedia-dev.rtm.rt.gw/support-policy/
Kaila Mullen,https://rtmedia.io/blog,https://rtmedia-dev.rtm.rt.gw/blog
Jagger Kline,https://rtmedia.io/support/,https://rtmedia-dev.rtm.rt.gw//support/
Hayden Grimes,https://rtmedia.io/tos/,https://rtmedia-dev.rtm.rt.gw/tos/
Haley Burke,https://rtmedia.io/about/,https://rtmedia-dev.rtm.rt.gw/about/
Carl Friedman,https://rtmedia.io/docs/features/,https://rtmedia-dev.rtm.rt.gw/docs/features/